{
  "indexes": [
    {
      "collectionGroup": "messages",
      "queryScope": "COLLECTION",
      "fields": [
        {
          "fieldPath": "roomId",
          "order": "ASCENDING"
        },
        {
          "fieldPath": "createAt",
          "order": "ASCENDING"
        }
      ]
    },
    {
      "collectionGroup": "rooms",
      "queryScope": "COLLECTION",
      "fields": [
        {
          "fieldPath": "members",
          "arrayConfig": "CONTAINS"
        },
        {
          "fieldPath": "createAt",
          "order": "ASCENDING"
        }
      ]
    },
    {
      "collectionGroup": "users",
      "queryScope": "COLLECTION",
      "fields": [
        {
          "fieldPath": "uid",
          "order": "ASCENDING"
        },
        {
          "fieldPath": "createAt",
          "order": "ASCENDING"
        }
      ]
    }
  ],
  "fieldOverrides": []
}
