{
    "request": {
        "ola_due_by_time": null,
        "subject": "Test Webhook 123",
        "service_sla": null,
        "resolution": {
            "resolution_attachments": [],
            "content": null
        },
        "linked_to_request": null,
        "onhold_time": null,
        "mode": {
            "name": "Phone Call",
            "id": "3"
        },
        "is_read": false,
        "has_purchase_requests": false,
        "lifecycle": {
            "name": "Workflow Request",
            "id": "1"
        },
        "reason_for_cancel": null,
        "assets": [],
        "is_trashed": false,
        "id": "244",
        "assigned_time": null,
        "group": {
            "site": null,
            "name": "L1.SERVICEDESK",
            "id": "301"
        },
        "requester": {
            "email_id": "ATD@EVN.COM.VN",
            "phone": null,
            "name": "A (TRAN DONG A) CV B.THHDTV EVN",
            "mobile": "0913999059",
            "profile_pic": {
                "content-url": "/images/default-profile-pic2.svg",
                "name": "default-profile-pic2.svg"
            },
            "is_vipuser": false,
            "id": "1751",
            "department": {
                "site": {
                    "name": "TAP DOAN DIEN LUC VIET NAM",
                    "id": 313
                },
                "name": "BAN TH - HDTV",
                "id": 629
            }
        },
        "cancel_requested_by": null,
        "email_to": [],
        "sla_violated_technician": null,
        "created_time": {
            "display_value": "Mar 10, 2022 12:01 PM",
            "value": "1646888501719"
        },
        "has_resolution_attachments": false,
        "approval_status": null,
        "service_category": {
            "name": "BS12.Gói dịch vụ Quản lý yêu cầu hỗ trợ, vận hành phần mềm",
            "id": "312"
        },
        "sla": null,
        "resolved_time": {
            "display_value": "Mar 17, 2022 07:17 AM",
            "value": "1647476274859"
        },
        "priority": {
            "color": null,
            "name": "1. Rất cao",
            "id": "301"
        },
        "created_by": {
            "email_id": null,
            "phone": null,
            "name": "Lê Tuấn",
            "mobile": null,
            "profile_pic": {
                "content-url": "/images/default-profile-pic2.svg",
                "name": "default-profile-pic2.svg"
            },
            "is_vipuser": false,
            "id": "1210",
            "department": null
        },
        "sla_violated_group": null,
        "scheduled_end_time": null,
        "tags": [],
        "first_response_due_by_time": null,
        "last_updated_time": {
            "display_value": "Mar 17, 2022 07:17 AM",
            "value": "1647476274883"
        },
        "has_notes": false,
        "udf_fields": {
            "udf_pick_901": "Cơ quan Tập đoàn",
            "udf_pick_902": "An toàn",
            "udf_sline_605": "Dio123",
            "udf_sline_903": "0987654321",
            "udf_pick_637": null,
            "udf_pick_638": null,
            "udf_pick_639": "PMIS: Công việc khác"
        },
        "subcategory": {
            "name": "PM1018.SK.BS1. Ý kiến bổ sung chức năng/nghiệp vụ có thể tin học hóa vào phần mềm",
            "id": "1691"
        },
        "email_cc": [],
        "status": {
            "color": "#006600",
            "name": "Closed",
            "id": "1"
        },
        "scheduled_start_time": null,
        "template": {
            "is_service_template": true,
            "service_category": {
                "id": "312"
            },
            "name": "Yêu cầu hiệu chỉnh/ bổ sung tính năng",
            "id": "304"
        },
        "primary_asset": null,
        "request_type": {
            "name": "Yêu cầu dịch vụ",
            "id": "2"
        },
        "time_elapsed": {
            "display_value": "40hrs 58min",
            "value": "147499000"
        },
        "cancel_requested_time": null,
        "notification_status": null,
        "has_purchase_orders": false,
        "description": "<div>Test Webhook 1234<br /></div>",
        "has_dependency": false,
        "age_after_violation": null,
        "closure_info": {
            "requester_ack_comments": null,
            "closure_code": null,
            "closure_comments": null,
            "requester_ack_resolution": false
        },
        "has_conversation": false,
        "callback_url": null,
        "chat_type": 0,
        "is_service_request": true,
        "is_shared": false,
        "cancel_requested": false,
        "has_request_initiated_change": false,
        "request_template_task_ids": [],
        "department": {
            "site": {
                "id": "313"
            },
            "name": "BAN TH - HDTV",
            "id": "629"
        },
        "is_reopened": false,
        "has_draft": false,
        "has_attachments": false,
        "has_linked_requests": false,
        "resources": {
            "res_301": {
                "qstn_text_305": {
                    "value": null
                },
                "qstn_select_5": null,
                "qstn_select_303": null,
                "qstn_select_304": null,
                "qstn_select_302": null,
                "qstn_select_1": null,
                "qstn_text_301": {
                    "value": null
                },
                "qstn_select_2": null
            },
            "res_302": {
                "qstn_select_1": null
            }
        },
        "is_overdue": false,
        "technician": null,
        "has_request_caused_by_change": false,
        "due_by_time": null,
        "is_fcr": false,
        "total_unassigned_time": {
            "display_value": "40hrs 58min",
            "value": "147499000"
        },
        "site": {
            "name": "TAP DOAN DIEN LUC VIET NAM",
            "id": "313"
        },
        "age_after_sla_response_violation": null,
        "is_first_response_overdue": false,
        "completed_time": {
            "display_value": "Mar 17, 2022 07:17 AM",
            "value": "1647476274859"
        },
        "cancel_requested_is_pending": false,
        "recommend_template": null,
        "unreplied_count": null,
        "category": {
            "name": "PM10.Hệ thống quản lý kỹ thuật lưới điện - PMIS",
            "id": "514"
        }
    },
    "response_status": {
        "status_code": 2000,
        "status": "success"
    }
}